"IndividualId","Time [min]","Organism|PeripheralVenousBlood|Caffeine|Plasma (Peripheral Venous Blood) [µmol/l]","Organism|PeripheralVenousBlood|Fluvoxamine|Plasma (Peripheral Venous Blood) [µmol/l]","Organism|VenousBlood|Plasma|Caffeine|Concentration in container [µmol/l]","Organism|VenousBlood|Plasma|Fluvoxamine|Concentration in container [µmol/l]","Organism|Lumen|Caffeine|Fraction of oral drug mass absorbed into mucosa","Organism|Lumen|Fluvoxamine|Fraction of oral drug mass absorbed into mucosa"
0,0,0,0,0,0,0,0
0,3,0.04635077,0,0.4287333,0,0.01483715,0
0,6,0.4773925,0,1.817515,0,0.04716921,0
0,9,1.367493,0,3.656961,0,0.09548685,0
0,12,2.641956,0,5.798301,0,0.1577733,0
0,15,4.193003,0,8.020855,0,0.2302342,0
0,18,5.878272,0,10.11372,0,0.3085588,0
0,21,7.553466,0,11.92277,0,0.38865,0
0,24,9.097156,0,13.35648,0,0.4669922,0
0,27,10.42245,0,14.3801,0,0.540859,0
0,30,11.47989,1.983255E-28,15.00515,1.594569E-24,0.6083757,1.120996E-17
0,33,12.2544,5.125457E-06,15.277,3.441988E-05,0.6684777,0.00804705
0,36,12.75946,5.85206E-05,15.26605,0.0002773989,0.7207911,0.03106259
0,39,13.03177,0.000215703,15.05888,0.0008965838,0.7654724,0.06747653
0,42,13.12278,0.0005260918,14.73938,0.002026966,0.8030409,0.1148281
0,45,13.08735,0.001033446,14.37349,0.003774264,0.8342281,0.1701493
0,48,12.97364,0.001770412,14.0026,0.006195019,0.8598571,0.2292809
0,51,12.81757,0.002752073,13.64746,0.009286176,0.8807555,0.2896251
0,54,12.64284,0.003981659,13.31714,0.01301369,0.8977005,0.3495479
0,57,12.46413,0.00545246,13.01586,0.0173161,0.911388,0.4074923
0,60,12.29049,0.007150255,12.7456,0.02211755,0.9224204,0.4628103
0,63,12.12743,0.009056736,12.50686,0.02733705,0.9313062,0.5151107
0,66,11.97823,0.01115157,12.29891,0.03289513,0.9384675,0.5643787
0,69,11.84454,0.01341403,12.12004,0.03871684,0.9442499,0.6103593
0,72,11.72679,0.01582096,11.96777,0.04472013,0.9489318,0.6519261
0,75,11.62455,0.01834652,11.83921,0.05082294,0.9527372,0.6893943
0,78,11.53682,0.02096687,11.73136,0.05695544,0.9558451,0.7231256
0,81,11.46225,0.02365961,11.64128,0.06305456,0.9583977,0.7528824
0,84,11.39932,0.02640216,11.56625,0.06905958,0.9605083,0.7789107
0,87,11.34652,0.02917428,11.5038,0.07492158,0.9622664,0.8016511
0,90,11.30235,0.03195824,11.45178,0.0806016,0.9637432,0.8215227
0,93,11.26548,0.03473886,11.40836,0.08606992,0.9649949,0.8388884
0,96,11.2347,0.03750327,11.37197,0.0913047,0.9660662,0.8540801
0,99,11.20896,0.04024058,11.34131,0.09629018,0.9669926,0.867263
0,102,11.18738,0.0429411,11.31532,0.1010137,0.9678022,0.8785629
0,105,11.16919,0.0455965,11.29311,0.1054672,0.9685177,0.8882524
0,108,11.15378,0.04819999,11.27395,0.1096473,0.9691569,0.8965515
0,111,11.14062,0.05074617,11.25727,0.1135542,0.9697342,0.9036617
0,114,11.12928,0.05323082,11.24259,0.1171912,0.9702611,0.9097503
0,117,11.11941,0.05565073,11.22952,0.1205638,0.9707469,0.914964
0,120,11.11073,0.05800356,11.21777,0.1236794,0.9711989,0.9194331
0,123,11.10301,0.06028771,11.20707,0.1265467,0.9716232,0.9232678
0,126,11.09607,0.06250221,11.19722,0.1291755,0.9720246,0.926562
0,129,11.08974,0.06464661,11.18807,0.1315762,0.972407,0.9293965
0,132,11.08391,0.06672089,11.17948,0.1337597,0.9727735,0.9318398
0,135,11.07847,0.06872536,11.17134,0.1357369,0.9731267,0.9339519
0,138,11.07335,0.07066065,11.16356,0.1375189,0.9734687,0.9357836
0,141,11.06847,0.07252761,11.15608,0.1391167,0.9738011,0.937378
0,144,11.06378,0.07432728,11.14884,0.1405412,0.9741254,0.938772
0,147,11.05924,0.07606086,11.14178,0.1418028,0.9744425,0.9399964
0,150,11.05481,0.07772964,11.13486,0.1429118,0.9747534,0.9410779
0,153,11.05045,0.07933502,11.12806,0.1438778,0.975059,0.9420393
0,156,11.04615,0.08087845,11.12135,0.1447104,0.9753596,0.9428993
0,159,11.04188,0.08236145,11.11469,0.1454184,0.9756559,0.9436745
0,162,11.03761,0.08378555,11.10808,0.1460105,0.9759481,0.9443784
0,165,11.03334,0.0851523,11.1015,0.1464946,0.9762367,0.9450225
0,168,11.02906,0.08646327,11.09492,0.1468786,0.9765218,0.9456168
0,171,11.02474,0.08772001,11.08835,0.1471695,0.9768038,0.9461694
0,174,11.02038,0.08892408,11.08176,0.1473743,0.9770828,0.9466875
0,177,11.01597,0.09007702,11.07516,0.1474994,0.9773588,0.9471768
0,180,11.01151,0.09118034,11.06852,0.1475508,0.9776321,0.9476422
0,183,11.00699,0.09223555,11.06185,0.1475341,0.9779027,0.948088
0,186,11.00239,0.09324412,11.05513,0.1474548,0.9781706,0.9485177
0,189,10.99772,0.0942075,11.04837,0.1473177,0.9784361,0.9489341
0,192,10.99297,0.09512709,11.04156,0.1471276,0.978699,0.9493398
0,195,10.98814,0.0960043,11.03468,0.1468887,0.9789594,0.9497367
0,198,10.98322,0.09684046,11.02775,0.1466052,0.9792174,0.9501266
0,201,10.9782,0.09763692,11.02075,0.1462809,0.9794731,0.950511
0,204,10.9731,0.09839497,11.01368,0.1459192,0.9797263,0.950891
0,207,10.96789,0.09911585,11.00654,0.1455236,0.9799771,0.9512675
0,210,10.96259,0.0998008,10.99933,0.1450971,0.9802257,0.9516413
0,213,10.95719,0.100451,10.99204,0.1446426,0.9804718,0.9520133
0,216,10.95168,0.1010677,10.98467,0.1441627,0.9807157,0.9523838
0,219,10.94607,0.1016519,10.97722,0.1436599,0.9809573,0.9527532
0,222,10.94035,0.1022047,10.96968,0.1431366,0.9811965,0.9531221
0,225,10.93452,0.1027273,10.96206,0.1425949,0.9814335,0.9534906
0,228,10.92858,0.1032207,10.95436,0.1420368,0.9816682,0.953859
0,231,10.92253,0.1036859,10.94656,0.1414642,0.9819006,0.9542274
0,234,10.91636,0.1041238,10.93868,0.1408787,0.9821306,0.954596
0,237,10.91008,0.1045354,10.9307,0.140282,0.9823585,0.9549649
0,240,10.90369,0.1049217,10.92264,0.1396756,0.9825841,0.9553341
0,243,10.89718,0.1052836,10.91447,0.1390608,0.9828075,0.9557036
0,246,10.89055,0.1056218,10.90622,0.138439,0.9830287,0.9560735
0,249,10.88381,0.1059374,10.89787,0.1378112,0.9832475,0.9564438
0,252,10.87695,0.106231,10.88942,0.1371786,0.9834642,0.9568145
0,255,10.86997,0.1065035,10.88088,0.1365421,0.9836786,0.9571855
0,258,10.86287,0.1067556,10.87224,0.1359028,0.9838909,0.9575563
0,261,10.85566,0.1069881,10.8635,0.1352615,0.9841009,0.9579253
0,264,10.84832,0.1072018,10.85466,0.1346188,0.9843088,0.9582918
0,267,10.84087,0.1073972,10.84572,0.1339756,0.9845145,0.9586561
0,270,10.83329,0.1075751,10.83669,0.1333325,0.984718,0.9590183
0,273,10.8256,0.1077362,10.82755,0.1326901,0.9849194,0.9593785
0,276,10.81778,0.107881,10.81832,0.1320488,0.9851186,0.9597365
0,279,10.80985,0.1080102,10.80898,0.1314094,0.9853157,0.9600924
0,282,10.8018,0.1081244,10.79955,0.1307721,0.9855107,0.9604461
0,285,10.79363,0.1082241,10.79001,0.1301374,0.9857035,0.9607977
0,288,10.78534,0.10831,10.78038,0.1295058,0.9858943,0.9611472
0,291,10.77693,0.1083824,10.77064,0.1288775,0.9860829,0.9614946
0,294,10.7684,0.108442,10.76081,0.1282528,0.9862695,0.9618399
0,297,10.75975,0.1084893,10.75087,0.1276322,0.986454,0.962183
0,300,10.75099,0.1085247,10.74084,0.1270158,0.9866365,0.962524
0,303,10.74211,0.1085488,10.7307,0.1264038,0.9868169,0.9628629
0,306,10.73311,0.1085619,10.72047,0.1257965,0.9869953,0.9631997
0,309,10.724,0.1085645,10.71014,0.1251941,0.9871716,0.9635343
0,312,10.71477,0.1085571,10.6997,0.1245967,0.987346,0.9638668
0,315,10.70543,0.1085401,10.68917,0.1240045,0.9875184,0.9641971
0,318,10.69597,0.1085138,10.67855,0.1234177,0.9876888,0.9645253
0,321,10.6864,0.1084786,10.66782,0.1228362,0.9878572,0.9648514
0,324,10.67671,0.108435,10.657,0.1222604,0.9880238,0.9651753
0,327,10.66691,0.1083833,10.64608,0.1216901,0.9881883,0.9654971
0,330,10.657,0.1083237,10.63507,0.1211256,0.9883509,0.9658167
0,333,10.64698,0.1082568,10.62396,0.1205668,0.9885117,0.9661342
0,336,10.63685,0.1081827,10.61275,0.1200139,0.9886705,0.9664496
0,339,10.62661,0.1081018,10.60145,0.1194668,0.9888275,0.9667627
0,342,10.61627,0.1080144,10.59006,0.1189255,0.9889826,0.9670737
0,345,10.60581,0.1079208,10.57858,0.1183902,0.9891359,0.9673826
0,348,10.59525,0.1078214,10.567,0.1178609,0.9892873,0.9676893
0,351,10.58458,0.1077162,10.55534,0.1173374,0.9894369,0.9679939
0,354,10.57381,0.1076057,10.54358,0.1168199,0.9895847,0.9682963
0,357,10.56293,0.10749,10.53173,0.1163083,0.9897308,0.9685966
0,360,10.55195,0.1073694,10.51979,0.1158026,0.989875,0.9688947
0,363,10.54086,0.1072442,10.50777,0.1153028,0.9900175,0.9691907
0,366,10.52968,0.1071146,10.49566,0.1148088,0.9901583,0.9694846
0,369,10.5184,0.1069808,10.48346,0.1143207,0.9902973,0.9697762
0,372,10.50702,0.1068429,10.47117,0.1138383,0.9904345,0.9700658
0,375,10.49553,0.1067013,10.45881,0.1133618,0.9905701,0.9703532
0,378,10.48396,0.1065561,10.44635,0.1128909,0.9907041,0.9706385
0,381,10.47228,0.1064075,10.43382,0.1124258,0.9908363,0.9709216
0,384,10.46052,0.1062556,10.4212,0.1119662,0.9909669,0.9712027
0,387,10.44865,0.1061007,10.4085,0.1115123,0.9910959,0.9714816
0,390,10.4367,0.105943,10.39572,0.1110638,0.9912232,0.9717584
0,393,10.42465,0.1057825,10.38287,0.1106209,0.9913489,0.972033
0,396,10.41251,0.1056195,10.36993,0.1101834,0.9914731,0.9723056
0,399,10.40029,0.105454,10.35692,0.1097512,0.9915956,0.9725761
0,402,10.38797,0.1052863,10.34383,0.1093243,0.9917166,0.9728444
0,405,10.37557,0.1051165,10.33066,0.1089027,0.9918361,0.9731107
0,408,10.36308,0.1049447,10.31742,0.1084863,0.991954,0.9733749
0,411,10.3505,0.104771,10.30411,0.108075,0.9920704,0.973637
0,414,10.33785,0.1045956,10.29072,0.1076688,0.9921853,0.973897
0,417,10.32511,0.1044185,10.27727,0.1072676,0.9922987,0.974155
0,420,10.31228,0.10424,10.26374,0.1068713,0.9924107,0.974411
0,423,10.29938,0.1040601,10.25014,0.1064798,0.9925211,0.9746648
0,426,10.2864,0.1038788,10.23647,0.1060932,0.9926302,0.9749166
0,429,10.27333,0.1036964,10.22274,0.1057113,0.9927378,0.9751664
0,432,10.26019,0.103513,10.20894,0.1053341,0.992844,0.9754141
0,435,10.24698,0.1033285,10.19507,0.1049615,0.9929488,0.9756598
0,438,10.23369,0.1031431,10.18114,0.1045935,0.9930522,0.9759036
0,441,10.22032,0.1029568,10.16715,0.1042299,0.9931542,0.9761452
0,444,10.20689,0.1027699,10.15309,0.1038707,0.9932549,0.9763849
0,447,10.19338,0.1025823,10.13897,0.1035159,0.9933543,0.9766226
0,450,10.1798,0.1023941,10.12479,0.1031654,0.9934523,0.9768583
0,453,10.16615,0.1022054,10.11055,0.1028191,0.993549,0.9770921
0,456,10.15243,0.1020162,10.09625,0.102477,0.9936444,0.9773238
0,459,10.13864,0.1018267,10.08189,0.1021389,0.9937385,0.9775537
0,462,10.12479,0.1016368,10.06748,0.1018049,0.9938313,0.9777815
0,465,10.11087,0.1014467,10.05301,0.1014749,0.9939229,0.9780074
0,468,10.09688,0.1012564,10.03848,0.1011488,0.9940133,0.9782314
0,471,10.08284,0.1010659,10.0239,0.1008265,0.9941024,0.9784535
0,474,10.06873,0.1008754,10.00927,0.100508,0.9941903,0.9786737
0,477,10.05456,0.1006848,9.994584,0.1001932,0.9942771,0.9788919
0,480,10.04033,0.1004942,9.979847,0.09988209,0.9943626,0.9791083
0,483,10.02604,0.1003037,9.965059,0.09957459,0.9944469,0.4896614
0,486,10.01169,0.1001133,9.950222,0.09927063,0.9945301,0.4897677
0,489,9.997287,0.09992298,9.935336,0.09897016,0.9946122,0.489873
0,492,9.982824,0.09973287,9.9204,0.09867313,0.994693,0.4899774
0,495,9.968307,0.09954297,9.905415,0.09837947,0.9947727,0.4900807
0,498,9.953732,0.09935331,9.890381,0.09808912,0.9948512,0.4901831
0,501,9.939103,0.09916394,9.875299,0.09780204,0.9949285,0.4902844
0,504,9.92442,0.09897488,9.860173,0.09751815,0.9950048,0.4903848
0,507,9.909685,0.09878617,9.845003,0.09723742,0.9950799,0.4904841
0,510,9.894898,0.09859782,9.82979,0.09695978,0.9951539,0.4905826
0,513,9.880063,0.09841609,9.814546,0.09672698,0.9952269,0.4954651
0,516,9.865207,0.09829345,9.799439,0.09675085,0.9952989,0.5087516
0,519,9.850476,0.09829769,9.784944,0.09723535,0.9953698,0.5290107
0,522,9.836165,0.09848551,9.771626,0.09832707,0.9954397,0.5545736
0,525,9.822639,0.09889957,9.759962,0.1001144,0.9955087,0.5836096
0,528,9.810233,0.09956474,9.750196,0.1026197,0.9955767,0.6139687
0,531,9.799168,0.1004884,9.742314,0.1058151,0.9956438,0.6446157
0,534,9.789514,0.1016679,9.736102,0.1096493,0.99571,0.6748385
0,537,9.781204,0.1030928,9.731242,0.1140515,0.9957752,0.7039543
0,540,9.774085,0.104746,9.727394,0.1189399,0.9958395,0.7316998
0,543,9.767951,0.1066078,9.724246,0.1242312,0.9959029,0.7579029
0,546,9.76259,0.1086567,9.721539,0.1298446,0.9959655,0.7825658
0,549,9.757811,0.1108708,9.719077,0.1357023,0.9960271,0.805331
0,552,9.753446,0.1132251,9.716715,0.1417179,0.9960879,0.8258812
0,555,9.749363,0.1156937,9.71435,0.1478121,0.9961478,0.8444147
0,558,9.745459,0.1182524,9.711912,0.1539139,0.9962069,0.8608413
0,561,9.741656,0.1208769,9.709362,0.1599561,0.9962652,0.8752967
0,564,9.737901,0.1235454,9.706675,0.1658839,0.9963226,0.8879988
0,567,9.734153,0.1262387,9.70384,0.1716525,0.9963791,0.8991472
0,570,9.730389,0.1289399,9.70086,0.1772265,0.9964349,0.9089283
0,573,9.726591,0.1316344,9.697738,0.1825785,0.9964898,0.9174919
0,576,9.722753,0.1343098,9.694484,0.1876876,0.996544,0.9249091
0,579,9.718869,0.1369549,9.691108,0.1925376,0.9965973,0.9313118
0,582,9.71494,0.1395603,9.687618,0.1971179,0.9966499,0.9368336
0,585,9.710965,0.1421183,9.684027,0.2014227,0.9967018,0.941592
0,588,9.706945,0.1446226,9.68034,0.2054504,0.9967528,0.9456898
0,591,9.702884,0.1470682,9.676566,0.2092025,0.9968031,0.9492185
0,594,9.69878,0.1494513,9.672712,0.2126831,0.9968527,0.9522577
0,597,9.694637,0.1517688,9.668784,0.2158987,0.9969015,0.9548761
0,600,9.690456,0.1540187,9.664786,0.2188574,0.9969496,0.9571337
0,603,9.686238,0.1561996,9.660724,0.2215685,0.9969971,0.9590822
0,606,9.681983,0.1583106,9.656599,0.2240418,0.9970437,0.9607667
0,609,9.677693,0.1603514,9.652416,0.2262882,0.9970897,0.9622261
0,612,9.673368,0.162322,9.648176,0.2283184,0.997135,0.9634937
0,615,9.669006,0.1642229,9.643883,0.2301436,0.9971797,0.9645982
0,618,9.664611,0.1660546,9.639536,0.2317751,0.9972237,0.9655637
0,621,9.66018,0.1678181,9.635138,0.2332239,0.9972669,0.9664109
0,624,9.655713,0.1695146,9.630689,0.2345007,0.9973096,0.9671581
0,627,9.651211,0.171145,9.62619,0.235616,0.9973516,0.9678207
0,630,9.646671,0.1727108,9.621642,0.2365799,0.9973931,0.9684118
0,633,9.642096,0.1742133,9.617045,0.2374023,0.9974338,0.9689424
0,636,9.637483,0.1756541,9.6124,0.2380924,0.997474,0.9694219
0,639,9.632833,0.1770347,9.607707,0.2386593,0.9975135,0.9698581
0,642,9.628143,0.1783566,9.602965,0.2391114,0.9975525,0.9702581
0,645,9.623415,0.1796212,9.598176,0.2394569,0.9975908,0.9706274
0,648,9.618648,0.1808304,9.593338,0.2397032,0.9976286,0.970971
0,651,9.61384,0.1819855,9.588452,0.2398577,0.9976658,0.971293
0,654,9.608993,0.1830881,9.583518,0.2399272,0.9977024,0.9715968
0,657,9.604103,0.1841398,9.578536,0.239918,0.9977384,0.9718854
0,660,9.599173,0.1851421,9.573506,0.2398361,0.9977739,0.9721614
0,663,9.5942,0.1860965,9.568427,0.2396873,0.9978089,0.9724266
0,666,9.589185,0.1870045,9.5633,0.2394768,0.9978434,0.9726829
0,669,9.584127,0.1878676,9.558125,0.2392095,0.9978773,0.9729318
0,672,9.579026,0.1886871,9.552901,0.2388902,0.9979107,0.9731745
0,675,9.573882,0.1894644,9.547628,0.2385231,0.9979435,0.973412
0,678,9.568693,0.1902009,9.542308,0.2381123,0.9979759,0.9736453
0,681,9.56346,0.190898,9.536938,0.2376615,0.9980078,0.973875
0,684,9.558183,0.1915569,9.531519,0.2371744,0.9980391,0.9741017
0,687,9.552861,0.1921788,9.526052,0.2366542,0.99807,0.9743259
0,690,9.547494,0.1927651,9.520536,0.236104,0.9981005,0.9745481
0,693,9.542081,0.1933169,9.514972,0.2355266,0.9981304,0.9747686
0,696,9.536624,0.1938354,9.509358,0.2349247,0.9981598,0.9749876
0,699,9.53112,0.1943217,9.503696,0.2343007,0.9981889,0.9752054
0,702,9.525571,0.1947769,9.497986,0.2336571,0.9982174,0.9754223
0,705,9.519977,0.1952021,9.492227,0.2329959,0.9982455,0.9756382
0,708,9.514336,0.1955984,9.48642,0.232319,0.9982732,0.9758535
0,711,9.508649,0.1959666,9.480564,0.2316284,0.9983004,0.9760681
0,714,9.502916,0.196308,9.474661,0.2309258,0.9983273,0.9762821
0,717,9.497138,0.1966233,9.468709,0.2302127,0.9983537,0.9764957
0,720,9.491314,0.1969135,9.462709,0.2294906,0.9983796,0.9767085
0,723,9.485444,0.1971795,9.456662,0.2287609,0.9984052,0.9769201
0,726,9.479527,0.1974222,9.450568,0.2280248,0.9984304,0.9771299
0,729,9.473566,0.1976424,9.444427,0.2272835,0.9984552,0.9773381
0,732,9.467559,0.1978409,9.438238,0.226538,0.9984795,0.9775447
0,735,9.461506,0.1980186,9.432003,0.2257893,0.9985036,0.9777499
0,738,9.455407,0.1981761,9.425721,0.2250383,0.9985272,0.9779536
0,741,9.449264,0.1983143,9.419393,0.2242858,0.9985504,0.9781559
0,744,9.443074,0.1984338,9.413019,0.2235326,0.9985733,0.9783567
0,747,9.436841,0.1985353,9.406599,0.2227794,0.9985958,0.978556
0,750,9.430562,0.1986196,9.400134,0.2220269,0.9986179,0.9787539
0,753,9.424239,0.1986872,9.393624,0.2212757,0.9986398,0.9789504
0,756,9.417871,0.1987389,9.38707,0.2205263,0.9986612,0.9791456
0,759,9.41146,0.1987751,9.38047,0.2197792,0.9986823,0.9793394
0,762,9.405005,0.1987966,9.373827,0.2190348,0.9987031,0.9795318
0,765,9.398505,0.1988039,9.36714,0.2182937,0.9987236,0.9797228
0,768,9.391963,0.1987975,9.36041,0.2175561,0.9987437,0.9799125
0,771,9.385378,0.1987779,9.353636,0.2168225,0.9987634,0.9801008
0,774,9.37875,0.1987458,9.34682,0.2160932,0.9987829,0.9802877
0,777,9.372079,0.1987016,9.339962,0.2153683,0.9988021,0.9804733
0,780,9.365367,0.1986459,9.333062,0.2146483,0.998821,0.9806576
0,783,9.358612,0.1985789,9.32612,0.2139333,0.9988395,0.9808405
0,786,9.351816,0.1985013,9.319138,0.2132235,0.9988578,0.9810221
0,789,9.344979,0.1984135,9.312115,0.2125191,0.9988757,0.9812023
0,792,9.338101,0.1983159,9.305052,0.2118204,0.9988934,0.9813812
0,795,9.331183,0.1982089,9.297949,0.2111273,0.9989108,0.9815587
0,798,9.324224,0.1980929,9.290806,0.2104402,0.9989279,0.981735
0,801,9.317227,0.1979683,9.283625,0.209759,0.9989447,0.9819099
0,804,9.310189,0.1978355,9.276404,0.2090839,0.9989613,0.9820835
0,807,9.303114,0.1976948,9.269147,0.2084149,0.9989775,0.9822558
0,810,9.295999,0.1975465,9.261851,0.2077522,0.9989936,0.9824267
0,813,9.288846,0.1973911,9.254519,0.2070957,0.9990094,0.9825964
0,816,9.281655,0.1972289,9.247149,0.2064456,0.9990249,0.9827647
0,819,9.274427,0.19706,9.239743,0.2058018,0.9990401,0.9829317
0,822,9.267163,0.196885,9.232302,0.2051644,0.9990551,0.9830975
0,825,9.259862,0.196704,9.224825,0.2045335,0.9990699,0.9832619
0,828,9.252524,0.1965173,9.217313,0.2039089,0.9990844,0.9834251
0,831,9.245152,0.1963252,9.209766,0.2032907,0.9990987,0.983587
0,834,9.237743,0.196128,9.202187,0.202679,0.9991127,0.9837475
0,837,9.2303,0.1959259,9.194572,0.2020736,0.9991266,0.9839069
0,840,9.222822,0.1957191,9.186925,0.2014746,0.9991401,0.9840649
0,843,9.215311,0.195508,9.179246,0.2008819,0.9991535,0.9842216
0,846,9.207766,0.1952926,9.171534,0.2002956,0.9991666,0.9843771
0,849,9.200188,0.1950733,9.163791,0.1997155,0.9991795,0.9845313
0,852,9.192576,0.1948503,9.156015,0.1991417,0.9991923,0.9846843
0,855,9.184933,0.1946237,9.14821,0.1985741,0.9992048,0.984836
0,858,9.177258,0.1943937,9.140373,0.1980126,0.9992171,0.9849865
0,861,9.169551,0.1941606,9.132507,0.1974572,0.9992292,0.9851357
0,864,9.161814,0.1939245,9.124612,0.1969079,0.9992411,0.9852837
0,867,9.154045,0.1936856,9.116687,0.1963646,0.9992528,0.9854305
0,870,9.146247,0.193444,9.108733,0.1958272,0.9992643,0.985576
0,873,9.138418,0.1932,9.100752,0.1952957,0.9992756,0.9857203
0,876,9.130561,0.1929536,9.092742,0.1947701,0.9992868,0.9858634
0,879,9.122674,0.1927051,9.084705,0.1942501,0.9992977,0.9860053
0,882,9.114759,0.1924545,9.076642,0.1937359,0.9993085,0.986146
0,885,9.106816,0.1922021,9.068552,0.1932273,0.999319,0.9862855
0,888,9.098845,0.1919479,9.060435,0.1927243,0.9993294,0.9864238
0,891,9.090847,0.191692,9.052294,0.1922268,0.9993397,0.9865609
0,894,9.082823,0.1914346,9.044127,0.1917347,0.9993498,0.9866968
0,897,9.074771,0.1911759,9.035934,0.1912479,0.9993597,0.9868315
0,900,9.066694,0.1909158,9.027718,0.1907665,0.9993694,0.9869651
0,903,9.058591,0.1906546,9.019478,0.1902903,0.9993789,0.9870975
0,906,9.050463,0.1903923,9.011213,0.1898192,0.9993883,0.9872288
0,909,9.04231,0.1901291,9.002926,0.1893532,0.9993976,0.9873589
0,912,9.034132,0.1898649,8.994617,0.1888923,0.9994067,0.9874879
0,915,9.02593,0.1896,8.986283,0.1884363,0.9994156,0.9876156
0,918,9.017705,0.1893344,8.977929,0.1879851,0.9994245,0.9877424
0,921,9.009457,0.1890682,8.969553,0.1875388,0.9994331,0.9878679
0,924,9.001184,0.1888014,8.961155,0.1870972,0.9994416,0.9879923
0,927,8.99289,0.1885342,8.952737,0.1866603,0.99945,0.9881157
0,930,8.984574,0.1882666,8.944298,0.1862279,0.9994581,0.9882379
0,933,8.976236,0.1879987,8.935838,0.1858002,0.9994662,0.988359
0,936,8.967876,0.1877305,8.927359,0.1853768,0.9994742,0.988479
0,939,8.959496,0.1874622,8.91886,0.1849579,0.999482,0.9885979
0,942,8.951095,0.1871938,8.910342,0.1845433,0.9994897,0.9887158
0,945,8.942673,0.1869253,8.901806,0.1841329,0.9994972,0.9888326
0,948,8.934231,0.1866568,8.89325,0.1837268,0.9995046,0.9889483
0,951,8.92577,0.1863883,8.884677,0.1833248,0.9995119,0.989063
0,954,8.917289,0.18612,8.876086,0.1829268,0.9995191,0.9891765
0,957,8.908789,0.1858518,8.867477,0.1825329,0.9995261,0.989289
0,960,8.90027,0.1855837,8.858852,0.1821429,0.9995331,0.9894006
0,963,8.891733,0.185316,8.850209,0.1817568,0.9995399,0.989511
0,966,8.883178,0.1850485,8.841551,0.1813745,0.9995466,0.9896204
0,969,8.874605,0.1847813,8.832875,0.1809959,0.9995531,0.9897289
0,972,8.866015,0.1845145,8.824184,0.180621,0.9995596,0.9898363
0,975,8.857409,0.1842481,8.815477,0.1802498,0.999566,0.9899427
0,978,8.848784,0.1839821,8.806755,0.1798821,0.9995722,0.9900481
0,981,8.840144,0.1837166,8.798018,0.179518,0.9995784,0.9901525
0,984,8.831488,0.1834516,8.789267,0.1791573,0.9995844,0.9902559
0,987,8.822815,0.1831871,8.7805,0.1788,0.9995903,0.9903583
0,990,8.814127,0.1829231,8.77172,0.1784461,0.9995962,0.9904597
0,993,8.805424,0.1826597,8.762926,0.1780954,0.999602,0.9905602
0,996,8.796705,0.1823969,8.754118,0.177748,0.9996076,0.9906598
0,999,8.787972,0.1821347,8.745297,0.1774037,0.9996131,0.9907583
0,1002,8.779225,0.1818732,8.736463,0.1770626,0.9996185,0.9908559
0,1005,8.770464,0.1816123,8.727616,0.1767246,0.9996239,0.9909526
0,1008,8.761688,0.1813521,8.718757,0.1763895,0.9996291,0.9910483
0,1011,8.752899,0.1810926,8.709885,0.1760575,0.9996343,0.9911432
0,1014,8.744097,0.1808338,8.701,0.1757284,0.9996394,0.991237
0,1017,8.735281,0.1805757,8.692104,0.1754021,0.9996444,0.99133
0,1020,8.726452,0.1803184,8.683197,0.1750787,0.9996493,0.9914221
0,1023,8.717611,0.1800618,8.674279,0.174758,0.9996541,0.9915133
0,1026,8.708757,0.179806,8.665349,0.1744401,0.9996589,0.9916036
0,1029,8.699892,0.179551,8.656408,0.1741248,0.9996635,0.991693
0,1032,8.691014,0.1792967,8.647457,0.1738122,0.9996681,0.9917815
0,1035,8.682125,0.1790433,8.638495,0.1735022,0.9996726,0.9918691
0,1038,8.673224,0.1787906,8.629523,0.1731947,0.9996771,0.9919559
0,1041,8.664313,0.1785388,8.620542,0.1728897,0.9996814,0.9920418
0,1044,8.655391,0.1782878,8.611549,0.1725872,0.9996856,0.9921268
0,1047,8.646457,0.1780376,8.602549,0.1722871,0.9996899,0.992211
0,1050,8.637513,0.1777882,8.593538,0.1719894,0.999694,0.9922944
0,1053,8.628558,0.1775397,8.584518,0.171694,0.999698,0.9923769
0,1056,8.619595,0.177292,8.575489,0.1714009,0.999702,0.9924586
0,1059,8.61062,0.1770452,8.566452,0.1711101,0.9997059,0.9925395
0,1062,8.601636,0.1767991,8.557405,0.1708215,0.9997098,0.9926196
0,1065,8.592643,0.176554,8.548351,0.1705351,0.9997135,0.9926988
0,1068,8.58364,0.1763097,8.539289,0.1702508,0.9997172,0.9927773
0,1071,8.574628,0.1760663,8.530217,0.1699686,0.9997209,0.992855
0,1074,8.565607,0.1758237,8.521139,0.1696885,0.9997245,0.9929318
0,1077,8.556578,0.1755819,8.512053,0.1694104,0.999728,0.993008
0,1080,8.54754,0.175341,8.502958,0.1691343,0.9997315,0.9930832
0,1083,8.538493,0.175101,8.493857,0.1688602,0.9997349,0.9931578
0,1086,8.529439,0.1748618,8.484749,0.168588,0.9997382,0.9932316
0,1089,8.520376,0.1746234,8.475634,0.1683177,0.9997415,0.9933046
0,1092,8.511306,0.174386,8.466512,0.1680493,0.9997447,0.9933769
0,1095,8.502228,0.1741493,8.457383,0.1677827,0.9997479,0.9934484
0,1098,8.493143,0.1739135,8.448247,0.1675179,0.999751,0.9935192
0,1101,8.48405,0.1736785,8.439106,0.1672549,0.9997541,0.9935893
0,1104,8.47495,0.1734444,8.429957,0.1669936,0.9997571,0.9936586
0,1107,8.465843,0.1732111,8.420804,0.166734,0.99976,0.9937272
0,1110,8.45673,0.1729787,8.411644,0.1664761,0.9997629,0.9937951
0,1113,8.44761,0.172747,8.402478,0.1662199,0.9997658,0.9938623
0,1116,8.438482,0.1725162,8.393307,0.1659653,0.9997686,0.9939288
0,1119,8.42935,0.1722862,8.38413,0.1657123,0.9997713,0.9939946
0,1122,8.42021,0.172057,8.374948,0.1654608,0.999774,0.9940597
0,1125,8.411065,0.1718287,8.36576,0.1652109,0.9997767,0.9941241
0,1128,8.401914,0.1716011,8.356567,0.1649625,0.9997793,0.9941879
0,1131,8.392756,0.1713744,8.347369,0.1647156,0.9997818,0.994251
0,1134,8.383594,0.1711484,8.338167,0.1644701,0.9997844,0.9943134
0,1137,8.374425,0.1709232,8.328959,0.1642261,0.9997868,0.9943751
0,1140,8.365252,0.1706988,8.319748,0.1639835,0.9997892,0.9944362
0,1143,8.356072,0.1704752,8.310532,0.1637423,0.9997916,0.9944966
0,1146,8.346889,0.1702524,8.301311,0.1635025,0.9997939,0.9945564
0,1149,8.337699,0.1700303,8.292087,0.163264,0.9997963,0.9946156
0,1152,8.328506,0.169809,8.282857,0.1630268,0.9997985,0.9946741
0,1155,8.319306,0.1695884,8.273624,0.1627909,0.9998007,0.9947321
0,1158,8.310103,0.1693686,8.264387,0.1625563,0.9998029,0.9947894
0,1161,8.300896,0.1691496,8.255147,0.1623229,0.9998051,0.994846
0,1164,8.291683,0.1689313,8.245902,0.1620908,0.9998072,0.9949021
0,1167,8.282467,0.1687137,8.236654,0.1618599,0.9998093,0.9949576
0,1170,8.273246,0.1684968,8.227403,0.1616302,0.9998113,0.9950124
0,1173,8.264021,0.1682807,8.218148,0.1614017,0.9998133,0.9950667
0,1176,8.254793,0.1680652,8.20889,0.1611743,0.9998152,0.9951204
0,1179,8.245561,0.1678505,8.199629,0.160948,0.9998172,0.9951735
0,1182,8.236324,0.1676365,8.190364,0.1607229,0.999819,0.995226
0,1185,8.227084,0.1674231,8.181097,0.1604988,0.9998209,0.995278
0,1188,8.217841,0.1672105,8.171826,0.1602759,0.9998227,0.9953294
0,1191,8.208594,0.1669985,8.162554,0.160054,0.9998245,0.9953802
0,1194,8.199345,0.1667872,8.153277,0.1598331,0.9998263,0.9954305
0,1197,8.190091,0.1665766,8.143999,0.1596132,0.999828,0.9954802
0,1200,8.180835,0.1663666,8.134718,0.1593944,0.9998297,0.9955294
0,1203,8.171576,0.1661573,8.125435,0.1591766,0.9998314,0.9955781
0,1206,8.162313,0.1659486,8.116149,0.1589597,0.999833,0.9956262
0,1209,8.153048,0.1657406,8.106861,0.1587438,0.9998347,0.9956738
0,1212,8.14378,0.1655332,8.09757,0.1585288,0.9998362,0.9957208
0,1215,8.134509,0.1653264,8.088278,0.1583148,0.9998378,0.9957674
0,1218,8.125236,0.1651203,8.078983,0.1581016,0.9998393,0.9958134
0,1221,8.11596,0.1649147,8.069687,0.1578894,0.9998408,0.9958589
0,1224,8.106682,0.1647098,8.060389,0.1576781,0.9998423,0.9959039
0,1227,8.097402,0.1645055,8.051088,0.1574676,0.9998437,0.9959484
0,1230,8.088119,0.1643018,8.041787,0.1572579,0.9998451,0.9959925
0,1233,8.078835,0.1640986,8.032483,0.1570492,0.9998465,0.996036
0,1236,8.069547,0.1638961,8.023178,0.1568412,0.9998479,0.996079
0,1239,8.060258,0.1636941,8.013871,0.1566341,0.9998492,0.9961216
0,1242,8.050967,0.1634927,8.004563,0.1564277,0.9998506,0.9961637
0,1245,8.041675,0.1632918,7.995254,0.1562222,0.9998518,0.9962053
0,1248,8.03238,0.1630915,7.985943,0.1560174,0.9998531,0.9962465
0,1251,8.023084,0.1628918,7.976631,0.1558134,0.9998544,0.9962872
0,1254,8.013786,0.1626926,7.967318,0.1556101,0.9998556,0.9963274
0,1257,8.004486,0.1624939,7.958003,0.1554076,0.9998568,0.9963672
0,1260,7.995185,0.1622958,7.948688,0.1552058,0.999858,0.9964065
0,1263,7.985883,0.1620982,7.939371,0.1550047,0.9998592,0.9964454
0,1266,7.976579,0.1619011,7.930053,0.1548043,0.9998603,0.9964839
0,1269,7.967274,0.1617046,7.920735,0.1546047,0.9998614,0.9965219
0,1272,7.957968,0.1615085,7.911416,0.1544057,0.9998625,0.9965594
0,1275,7.94866,0.161313,7.902096,0.1542073,0.9998636,0.9965966
0,1278,7.939352,0.1611179,7.892776,0.1540097,0.9998646,0.9966334
0,1281,7.930042,0.1609234,7.883454,0.1538127,0.9998657,0.9966697
0,1284,7.920732,0.1607293,7.874132,0.1536163,0.9998667,0.9967056
0,1287,7.91142,0.1605357,7.86481,0.1534206,0.9998677,0.9967411
0,1290,7.902107,0.1603426,7.855487,0.1532255,0.9998687,0.9967762
0,1293,7.892794,0.16015,7.846163,0.153031,0.9998696,0.9968109
0,1296,7.88348,0.1599578,7.83684,0.1528371,0.9998706,0.9968452
0,1299,7.874166,0.1597661,7.827516,0.1526438,0.9998716,0.996879
0,1302,7.86485,0.1595748,7.818191,0.1524511,0.9998724,0.9969126
0,1305,7.855534,0.159384,7.808867,0.152259,0.9998733,0.9969457
0,1308,7.846218,0.1591936,7.799542,0.1520674,0.9998742,0.9969785
0,1311,7.836901,0.1590037,7.790217,0.1518764,0.9998751,0.9970108
0,1314,7.827583,0.1588142,7.780892,0.151686,0.999876,0.9970428
0,1317,7.818266,0.1586251,7.771567,0.1514961,0.9998768,0.9970744
0,1320,7.808948,0.1584365,7.762242,0.1513067,0.9998776,0.9971057
0,1323,7.799629,0.1582483,7.752917,0.1511179,0.9998785,0.9971366
0,1326,7.790311,0.1580604,7.743592,0.1509296,0.9998792,0.9971672
0,1329,7.780992,0.157873,7.734267,0.1507418,0.99988,0.9971973
0,1332,7.771673,0.1576861,7.724942,0.1505545,0.9998808,0.9972272
0,1335,7.762354,0.1574995,7.715618,0.1503677,0.9998815,0.9972567
0,1338,7.753036,0.1573133,7.706294,0.1501814,0.9998823,0.9972858
0,1341,7.743716,0.1571275,7.69697,0.1499956,0.999883,0.9973146
0,1344,7.734397,0.156942,7.687646,0.1498103,0.9998837,0.9973431
0,1347,7.725079,0.156757,7.678323,0.1496255,0.9998844,0.9973713
0,1350,7.71576,0.1565723,7.669001,0.1494411,0.9998851,0.997399
0,1353,7.706441,0.1563881,7.659679,0.1492571,0.9998857,0.9974266
0,1356,7.697124,0.1562041,7.650357,0.1490736,0.9998864,0.9974537
0,1359,7.687805,0.1560206,7.641036,0.1488906,0.999887,0.9974806
0,1362,7.678488,0.1558374,7.631715,0.148708,0.9998877,0.9975071
0,1365,7.66917,0.1556546,7.622396,0.1485259,0.9998883,0.9975333
0,1368,7.659853,0.1554721,7.613076,0.1483441,0.9998889,0.9975592
0,1371,7.650537,0.15529,7.603758,0.1481628,0.9998895,0.9975848
0,1374,7.641221,0.1551082,7.59444,0.147982,0.9998901,0.9976102
0,1377,7.631906,0.1549268,7.585123,0.1478015,0.9998907,0.9976351
0,1380,7.622591,0.1547457,7.575807,0.1476214,0.9998913,0.9976599
0,1383,7.613276,0.1545649,7.566491,0.1474418,0.9998918,0.9976842
0,1386,7.603962,0.1543845,7.557177,0.1472625,0.9998924,0.9977084
0,1389,7.59465,0.1542044,7.547863,0.1470836,0.9998929,0.9977322
0,1392,7.585337,0.1540246,7.53855,0.1469051,0.9998934,0.9977558
0,1395,7.576025,0.1538451,7.529238,0.146727,0.999894,0.9977791
0,1398,7.566715,0.153666,7.519928,0.1465493,0.9998944,0.9978021
0,1401,7.557405,0.1534872,7.510618,0.1463719,0.999895,0.9978248
0,1404,7.548096,0.1533086,7.501309,0.1461949,0.9998955,0.9978473
0,1407,7.538787,0.1531304,7.492002,0.1460183,0.9998959,0.9978694
0,1410,7.52948,0.1529525,7.482695,0.145842,0.9998964,0.9978914
0,1413,7.520174,0.1527749,7.47339,0.1456661,0.9998969,0.6652753
0,1416,7.510868,0.1525976,7.464086,0.1454906,0.9998973,0.6652896
0,1419,7.501564,0.1524206,7.454783,0.1453153,0.9998978,0.6653037
0,1422,7.49226,0.1522439,7.445481,0.1451405,0.9998982,0.6653177
0,1425,7.482958,0.1520674,7.436181,0.1449659,0.9998986,0.6653314
0,1428,7.473656,0.1518913,7.426882,0.1447917,0.9998991,0.665345
0,1431,7.464356,0.1517154,7.417584,0.1446178,0.9998995,0.6653584
0,1434,7.455057,0.1515398,7.408288,0.1444443,0.9998999,0.6653717
0,1437,7.445759,0.1513645,7.398993,0.144271,0.9999003,0.6653848
0,1440,7.436463,0.1511895,7.389699,0.1440981,0.9999007,0.6653978
0,1443,7.427168,0.1510209,7.380411,0.1439673,0.9999011,0.6686008
0,1446,7.417887,0.1509113,7.371207,0.1440905,0.9999014,0.677408
0,1449,7.408687,0.1509285,7.362306,0.1446719,0.9999018,0.6908643
0,1452,7.399705,0.151129,7.353972,0.145858,0.9999022,0.7078559
0,1455,7.391109,0.1515556,7.346428,0.1477373,0.9999025,0.7271652
0,1458,7.38306,0.1522331,7.339803,0.1503324,0.9999029,0.7473558
0,1461,7.375669,0.153169,7.334111,0.1536153,0.9999033,0.7677386
0,1464,7.368983,0.1543605,7.329274,0.1575349,0.9999036,0.7878395
0,1467,7.362985,0.1557971,7.325161,0.1620204,0.9999039,0.8072009
0,1470,7.357614,0.1574619,7.321619,0.1669898,0.9999042,0.8256487
0,1473,7.352783,0.1593348,7.318502,0.17236,0.9999046,0.843069
0,1476,7.348395,0.1613946,7.315682,0.1780501,0.9999049,0.8594615
0,1479,7.344359,0.1636193,7.313056,0.1839824,0.9999052,0.874591
0,1482,7.34059,0.1659838,7.310544,0.1900702,0.9999055,0.888244
0,1485,7.33702,0.1684622,7.308083,0.1962348,0.9999058,0.9005551
0,1488,7.333591,0.1710303,7.30563,0.2024048,0.9999061,0.9114596
0,1491,7.330257,0.1736638,7.303154,0.2085133,0.9999064,0.921054
0,1494,7.326986,0.176341,7.300636,0.2145051,0.9999067,0.9294779
0,1497,7.323751,0.1790424,7.298065,0.2203356,0.9999069,0.9368672
0,1500,7.320535,0.1817512,7.295434,0.2259695,0.9999072,0.9433452
0,1503,7.444862,0.1844516,8.529867,0.2313702,0.3379145,0.9482903
0,1506,8.776533,0.1871211,13.04958,0.2364817,0.3685449,0.952046
0,1509,11.6351,0.1897459,18.94105,0.2412907,0.4123897,0.9553528
0,1512,15.61496,0.1923197,25.29097,0.2458016,0.4657419,0.9583895
0,1515,20.18517,0.1948387,31.28595,0.2500235,0.5240957,0.9612052
0,1518,24.80486,0.1973002,36.36587,0.2539671,0.5834078,0.9638098
0,1521,29.04396,0.1997025,40.2727,0.2576429,0.6405753,0.9662016
0,1524,32.63156,0.2020439,42.97749,0.2610609,0.6935018,0.9683772
0,1527,35.44781,0.2043232,44.5965,0.2642308,0.7409878,0.9703369
0,1530,37.49004,0.2065392,45.32146,0.2671616,0.7825488,0.9720851
0,1533,38.83304,0.2086908,45.36695,0.2698621,0.8182153,0.9736314
0,1536,39.59276,0.2107773,44.93758,0.272341,0.8483518,0.9749888
0,1539,39.89877,0.2127981,44.20864,0.2746068,0.8735096,0.9761732
0,1542,39.87532,0.2147528,43.31886,0.2766682,0.8943176,0.9772019
0,1545,39.63034,0.2166412,42.37032,0.278534,0.9114088,0.9780924
0,1548,39.25093,0.2184635,41.43289,0.2802132,0.9253764,0.9788619
0,1551,38.80331,0.22022,40.55061,0.2817149,0.9367518,0.9795266
0,1554,38.3348,0.2219113,39.74801,0.2830479,0.9459971,0.9801013
0,1557,37.87692,0.2235381,39.03576,0.2842216,0.9535035,0.9805993
0,1560,37.44901,0.2251014,38.41507,0.2852447,0.9595973,0.9810326
0,1563,37.06138,0.2266022,37.88141,0.2861261,0.9645471,0.9814111
0,1566,36.71809,0.2280416,37.42727,0.2868744,0.9685731,0.9817439
0,1569,36.41915,0.2294211,37.04357,0.287498,0.9718536,0.9820385
0,1572,36.16203,0.2307419,36.72093,0.2880049,0.9745331,0.9823012
0,1575,35.94285,0.2320055,36.45047,0.288403,0.976728,0.9825376
0,1578,35.7572,0.2332133,36.22398,0.2886997,0.9785321,0.9827522
0,1581,35.60056,0.2343668,36.03424,0.2889021,0.9800209,0.9829487
0,1584,35.46866,0.2354674,35.87499,0.289017,0.9812551,0.9831304
0,1587,35.3576,0.2365167,35.74088,0.2890506,0.9822833,0.9832999
0,1590,35.26393,0.2375161,35.62743,0.2890092,0.9831449,0.9834593
0,1593,35.18469,0.2384672,35.53091,0.2888983,0.9838715,0.9836105
0,1596,35.11734,0.2393713,35.44823,0.2887234,0.9844885,0.9837551
0,1599,35.05976,0.2402299,35.37685,0.2884894,0.9850166,0.9838941
0,1602,35.01017,0.2410445,35.31468,0.2882011,0.9854724,0.9840288
0,1605,34.96711,0.2418164,35.26003,0.287863,0.9858692,0.9841599
0,1608,34.92938,0.242547,35.21152,0.2874791,0.9862179,0.9842881
0,1611,34.89598,0.2432376,35.16803,0.2870533,0.9865273,0.984414
0,1614,34.8661,0.2438896,35.12863,0.2865894,0.9868046,0.984538
0,1617,34.8391,0.244504,35.09259,0.2860905,0.9870555,0.9846606
0,1620,34.81443,0.2450823,35.0593,0.28556,0.9872848,0.9847821
0,1623,34.79165,0.2456257,35.02826,0.2850006,0.9874963,0.9849027
0,1626,34.77042,0.2461352,34.99908,0.2844152,0.9876931,0.9850226
0,1629,34.75042,0.246612,34.97142,0.2838063,0.9878777,0.9851421
0,1632,34.73145,0.2470573,34.94503,0.2831762,0.9880522,0.9852611
0,1635,34.71328,0.2474721,34.91968,0.2825272,0.9882183,0.9853799
0,1638,34.69577,0.2478575,34.89518,0.2818613,0.9883773,0.9854985
0,1641,34.67878,0.2482144,34.8714,0.2811804,0.9885304,0.985617
0,1644,34.66222,0.2485439,34.84821,0.2804862,0.9886785,0.9857355
0,1647,34.64598,0.248847,34.82551,0.2797804,0.9888222,0.985854
0,1650,34.63,0.2491245,34.80321,0.2790646,0.9889624,0.9859724
0,1653,34.61422,0.2493774,34.78125,0.27834,0.9890993,0.9860909
0,1656,34.59858,0.2496066,34.75956,0.2776081,0.9892334,0.9862095
0,1659,34.58304,0.2498129,34.73811,0.27687,0.989365,0.9863276
0,1662,34.56757,0.2499971,34.71684,0.2761268,0.9894946,0.9864451
0,1665,34.55214,0.25016,34.69572,0.2753795,0.9896221,0.9865618
0,1668,34.53672,0.2503025,34.67473,0.2746291,0.9897478,0.9866776
0,1671,34.52129,0.2504251,34.65384,0.2738763,0.9898719,0.9867928
0,1674,34.50583,0.2505288,34.63302,0.2731221,0.9899945,0.9869073
0,1677,34.49033,0.2506141,34.61227,0.2723671,0.9901156,0.9870211
0,1680,34.47477,0.2506818,34.59156,0.271612,0.9902354,0.9871341
0,1683,34.45915,0.2507324,34.57088,0.2708575,0.9903539,0.9872465
0,1686,34.44345,0.2507667,34.55022,0.270104,0.9904711,0.9873581
0,1689,34.42767,0.2507853,34.52957,0.2693522,0.9905872,0.9874691
0,1692,34.4118,0.2507887,34.50892,0.2686024,0.9907021,0.9875793
0,1695,34.39583,0.2507776,34.48826,0.2678552,0.9908159,0.9876889
0,1698,34.37976,0.2507525,34.46759,0.2671109,0.9909286,0.9877978
0,1701,34.36358,0.250714,34.44691,0.26637,0.9910402,0.987906
0,1704,34.3473,0.2506625,34.42619,0.2656327,0.9911507,0.9880135
0,1707,34.3309,0.2505986,34.40545,0.2648993,0.9912601,0.9881204
0,1710,34.31438,0.2505228,34.38468,0.2641701,0.9913685,0.9882265
0,1713,34.29775,0.2504355,34.36386,0.2634453,0.9914759,0.988332
0,1716,34.28099,0.2503372,34.34302,0.2627253,0.9915823,0.9884368
0,1719,34.26412,0.2502285,34.32212,0.2620102,0.9916877,0.9885408
0,1722,34.24712,0.2501096,34.30119,0.2613001,0.991792,0.9886442
0,1725,34.23,0.249981,34.2802,0.2605952,0.9918953,0.9887469
0,1728,34.21275,0.2498432,34.25916,0.2598957,0.9919975,0.9888489
0,1731,34.19538,0.2496964,34.23808,0.2592016,0.9920989,0.9889503
0,1734,34.17788,0.2495411,34.21693,0.2585132,0.9921991,0.9890509
0,1737,34.16026,0.2493777,34.19574,0.2578304,0.9922985,0.9891509
0,1740,34.14251,0.2492065,34.17449,0.2571534,0.9923968,0.9892502
0,1743,34.12464,0.2490279,34.15319,0.2564822,0.9924941,0.9893488
0,1746,34.10664,0.2488421,34.13182,0.255817,0.9925905,0.9894466
0,1749,34.08852,0.2486494,34.1104,0.2551576,0.9926859,0.9895439
0,1752,34.07027,0.2484503,34.08892,0.2545043,0.9927803,0.9896404
0,1755,34.05189,0.248245,34.06738,0.2538569,0.9928737,0.9897363
0,1758,34.03339,0.2480337,34.04577,0.2532155,0.9929662,0.9898314
0,1761,34.01477,0.2478169,34.02411,0.2525801,0.9930577,0.9899259
0,1764,33.99603,0.2475946,34.00239,0.2519508,0.9931483,0.9900197
0,1767,33.97717,0.2473672,33.9806,0.2513274,0.9932379,0.9901128
0,1770,33.95818,0.2471349,33.95875,0.2507101,0.9933265,0.9902052
0,1773,33.93908,0.246898,33.93684,0.2500987,0.9934142,0.9902969
0,1776,33.91986,0.2466566,33.91487,0.2494933,0.993501,0.990388
0,1779,33.90052,0.2464111,33.89284,0.2488939,0.9935868,0.9904783
0,1782,33.88106,0.2461616,33.87074,0.2483003,0.9936718,0.990568
0,1785,33.86149,0.2459084,33.84858,0.2477126,0.9937558,0.9906571
0,1788,33.8418,0.2456516,33.82636,0.2471308,0.9938388,0.9907454
0,1791,33.822,0.2453914,33.80408,0.2465547,0.993921,0.9908331
0,1794,33.80209,0.245128,33.78173,0.2459844,0.9940022,0.9909201
0,1797,33.78206,0.2448616,33.75933,0.2454197,0.9940826,0.9910064
0,1800,33.76192,0.2445924,33.73686,0.2448607,0.994162,0.9910921
0,1803,33.74168,0.2443205,33.71433,0.2443073,0.9942406,0.9911771
0,1806,33.72133,0.2440461,33.69174,0.2437595,0.9943183,0.9912614
0,1809,33.70087,0.2437693,33.66909,0.2432171,0.9943951,0.9913451
0,1812,33.68031,0.2434903,33.64637,0.2426801,0.994471,0.9914281
0,1815,33.65964,0.2432092,33.6236,0.2421485,0.9945461,0.9915105
0,1818,33.63887,0.2429262,33.60077,0.2416222,0.9946203,0.9915922
0,1821,33.618,0.2426413,33.57788,0.2411012,0.9946936,0.9916732
0,1824,33.59703,0.2423548,33.55493,0.2405853,0.9947661,0.9917536
0,1827,33.57596,0.2420667,33.53192,0.2400745,0.9948377,0.9918333
0,1830,33.55479,0.2417772,33.50885,0.2395688,0.9949085,0.9919124
0,1833,33.53352,0.2414864,33.48573,0.2390681,0.9949785,0.9919909
0,1836,33.51217,0.2411943,33.46255,0.2385724,0.9950476,0.9920686
0,1839,33.49071,0.2409011,33.43931,0.2380814,0.995116,0.9921458
0,1842,33.46916,0.2406068,33.41602,0.2375953,0.9951835,0.9922223
0,1845,33.44752,0.2403116,33.39267,0.2371139,0.9952502,0.9922982
0,1848,33.42579,0.2400156,33.36926,0.2366372,0.9953161,0.9923735
0,1851,33.40397,0.2397188,33.3458,0.236165,0.9953812,0.9924481
0,1854,33.38206,0.2394214,33.32228,0.2356974,0.9954456,0.9925221
0,1857,33.36007,0.2391234,33.29871,0.2352343,0.9955091,0.9925955
0,1860,33.33799,0.2388248,33.27509,0.2347756,0.9955719,0.9926682
0,1863,33.31583,0.2385258,33.25141,0.2343212,0.995634,0.9927403
0,1866,33.29358,0.2382264,33.22768,0.2338711,0.9956952,0.9928119
0,1869,33.27125,0.2379268,33.2039,0.2334252,0.9957557,0.9928828
0,1872,33.24884,0.2376268,33.18007,0.2329835,0.9958155,0.9929531
0,1875,33.22635,0.2373267,33.15619,0.2325459,0.9958745,0.9930227
0,1878,33.20377,0.2370265,33.13226,0.2321122,0.9959328,0.9930918
0,1881,33.18113,0.2367262,33.10828,0.2316826,0.9959903,0.9931603
0,1884,33.1584,0.2364259,33.08424,0.2312568,0.9960471,0.9932282
0,1887,33.1356,0.2361256,33.06017,0.2308349,0.9961032,0.9932955
0,1890,33.11273,0.2358255,33.03604,0.2304168,0.9961587,0.9933622
0,1893,33.08978,0.2355254,33.01186,0.2300024,0.9962134,0.9934283
0,1896,33.06676,0.2352255,32.98764,0.2295917,0.9962674,0.9934939
0,1899,33.04367,0.2349259,32.96337,0.2291845,0.9963207,0.9935588
0,1902,33.02051,0.2346265,32.93905,0.228781,0.9963734,0.9936231
0,1905,32.99728,0.2343274,32.91469,0.2283809,0.9964253,0.993687
0,1908,32.97398,0.2340286,32.89029,0.2279842,0.9964767,0.9937502
0,1911,32.95061,0.2337302,32.86583,0.227591,0.9965273,0.9938128
0,1914,32.92719,0.2334322,32.84134,0.227201,0.9965773,0.9938749
0,1917,32.90369,0.2331346,32.8168,0.2268144,0.9966266,0.9939364
0,1920,32.88013,0.2328375,32.79222,0.2264309,0.9966753,0.9939974
0,1923,32.8565,0.2325409,32.7676,0.2260506,0.9967234,0.9940578
0,1926,32.83282,0.2322447,32.74293,0.2256735,0.9967708,0.9941176
0,1929,32.80907,0.2319492,32.71822,0.2252993,0.9968176,0.9941769
0,1932,32.78526,0.2316541,32.69347,0.2249282,0.9968638,0.9942357
0,1935,32.76139,0.2313597,32.66869,0.2245601,0.9969094,0.9942939
0,1938,32.73747,0.2310659,32.64386,0.2241949,0.9969544,0.9943516
0,1941,32.71349,0.2307726,32.61899,0.2238325,0.9969988,0.9944088
0,1944,32.68944,0.23048,32.59409,0.223473,0.9970425,0.9944654
0,1947,32.66535,0.2301881,32.56914,0.2231162,0.9970858,0.9945214
0,1950,32.64119,0.2298969,32.54416,0.2227622,0.9971284,0.994577
0,1953,32.61699,0.2296063,32.51914,0.2224108,0.9971704,0.9946321
0,1956,32.59273,0.2293164,32.49408,0.2220621,0.997212,0.9946866
0,1959,32.56842,0.2290272,32.46899,0.221716,0.9972529,0.9947406
0,1962,32.54406,0.2287388,32.44386,0.2213724,0.9972933,0.9947941
0,1965,32.51964,0.2284511,32.41869,0.2210313,0.9973332,0.9948471
0,1968,32.49517,0.2281642,32.39349,0.2206926,0.9973724,0.9948996
0,1971,32.47066,0.227878,32.36826,0.2203564,0.9974112,0.9949515
0,1974,32.4461,0.2275925,32.34299,0.2200226,0.9974495,0.995003
0,1977,32.42149,0.2273079,32.31768,0.2196911,0.9974871,0.995054
0,1980,32.39683,0.227024,32.29235,0.2193619,0.9975243,0.9951046
0,1983,32.37212,0.2267409,32.26698,0.219035,0.997561,0.7463659
0,1986,32.34737,0.2264585,32.24158,0.2187102,0.9975972,0.746403
0,1989,32.32257,0.226177,32.21614,0.2183877,0.9976329,0.7464398
0,1992,32.29774,0.2258963,32.19067,0.2180673,0.997668,0.7464762
0,1995,32.27285,0.2256164,32.16517,0.217749,0.9977027,0.7465123
0,1998,32.24792,0.2253373,32.13964,0.2174328,0.9977368,0.746548
0,2001,32.22294,0.2250589,32.11407,0.2171187,0.9977705,0.7465833
0,2004,32.19793,0.2247814,32.08847,0.2168065,0.9978036,0.7466182
0,2007,32.17286,0.2245047,32.06284,0.2164963,0.9978363,0.7466528
0,2010,32.14776,0.2242289,32.03718,0.2161881,0.9978685,0.7466871
0,2013,32.12262,0.22396,32.0115,0.2159235,0.9979002,0.7491134
0,2016,32.09746,0.2237506,31.98594,0.2159145,0.9979315,0.7557419
0,2019,32.0724,0.2236685,31.96088,0.2163651,0.9979623,0.7658566
0,2022,32.04769,0.2237704,31.93679,0.217422,0.9979928,0.7786227
0,2025,32.02362,0.2240989,31.9141,0.2191735,0.9980227,0.7931269
0,2028,32.00051,0.2246789,31.89312,0.2216424,0.9980523,0.8082902
0,2031,31.97861,0.2255176,31.87394,0.2248005,0.9980814,0.8235999
0,2034,31.95804,0.2266128,31.85653,0.228597,0.9981102,0.8386996
0,2037,31.93884,0.2279536,31.84072,0.232961,0.9981386,0.8532432
0,2040,31.92097,0.2295232,31.82629,0.2378104,0.9981666,0.867101
0,2043,31.90432,0.2313016,31.81299,0.243062,0.9981942,0.8801889
0,2046,31.88872,0.2332675,31.80058,0.2486351,0.9982213,0.8925035
0,2049,31.87404,0.2353988,31.78886,0.2544512,0.9982481,0.9038713
0,2052,31.8601,0.2376706,31.77763,0.2604249,0.9982746,0.914137
0,2055,31.84676,0.2400568,31.76674,0.2664764,0.9983006,0.9233859
0,2058,31.83391,0.2425333,31.75607,0.2725343,0.9983263,0.9315872
0,2061,31.82141,0.2450758,31.74552,0.2785321,0.9983516,0.9388015
0,2064,31.80919,0.2476625,31.73501,0.2844146,0.9983765,0.9451383
0,2067,31.79716,0.2502741,31.72448,0.290137,0.9984012,0.9506991
0,2070,31.78527,0.2528936,31.71391,0.2956636,0.9984254,0.9555768
0,2073,31.77347,0.2555066,31.70325,0.3009677,0.9984493,0.9598462
0,2076,31.76172,0.2581005,31.69251,0.306028,0.9984728,0.9635421
0,2079,31.75,0.2606641,31.68167,0.3108285,0.998496,0.9667309
0,2082,31.73829,0.2631883,31.67072,0.3153586,0.9985189,0.969479
0,2085,31.72658,0.265665,31.65967,0.3196124,0.9985414,0.9718457
0,2088,31.71485,0.2680881,31.64851,0.3235882,0.9985636,0.9738826
0,2091,31.70309,0.2704525,31.63724,0.3272876,0.9985855,0.9756349
0,2094,31.6913,0.2727543,31.62587,0.3307149,0.998607,0.9771424
0,2097,31.67947,0.2749907,31.6144,0.3338766,0.9986282,0.9784395
0,2100,31.66761,0.2771595,31.60283,0.3367805,0.9986491,0.9795564
0,2103,31.65569,0.2792591,31.59117,0.3394361,0.9986697,0.980519
0,2106,31.64374,0.281289,31.57941,0.3418533,0.99869,0.9813498
0,2109,31.63173,0.2832486,31.56755,0.3440427,0.99871,0.9820681
0,2112,31.61967,0.285138,31.55561,0.3460155,0.9987297,0.9826905
0,2115,31.60756,0.2869576,31.54358,0.3477827,0.9987491,0.9832314
0,2118,31.59539,0.288708,31.53145,0.3493555,0.9987682,0.983703
0,2121,31.58316,0.2903902,31.51924,0.3507448,0.998787,0.9841158
0,2124,31.57088,0.2920052,31.50695,0.3519616,0.9988056,0.9844787
0,2127,31.55853,0.2935542,31.49456,0.3530163,0.9988239,0.9847994
0,2130,31.54613,0.2950385,31.48209,0.3539191,0.9988418,0.9850844
0,2133,31.53366,0.2964595,31.46954,0.3546799,0.9988596,0.9853391
0,2136,31.52112,0.2978187,31.4569,0.3553078,0.998877,0.9855683
0,2139,31.50852,0.2991176,31.44418,0.355812,0.9988942,0.9857761
0,2142,31.49585,0.3003577,31.43137,0.3562009,0.9989111,0.9859658
0,2145,31.48311,0.3015406,31.41847,0.3564826,0.9989278,0.9861403
0,2148,31.4703,0.3026679,31.40549,0.3566647,0.9989442,0.9863019
0,2151,31.45742,0.3037411,31.39243,0.3567545,0.9989604,0.9864529
0,2154,31.44447,0.3047617,31.37928,0.3567588,0.9989763,0.9865948
0,2157,31.43145,0.3057314,31.36604,0.356684,0.998992,0.9867292
0,2160,31.41835,0.3066515,31.35273,0.3565361,0.9990074,0.9868573
0,2163,31.40518,0.3075237,31.33932,0.3563207,0.9990226,0.9869801
0,2166,31.39193,0.3083494,31.32583,0.3560432,0.9990376,0.9870986
0,2169,31.3786,0.3091301,31.31226,0.3557086,0.9990523,0.9872135
0,2172,31.3652,0.3098671,31.2986,0.3553214,0.9990668,0.9873253
0,2175,31.35173,0.3105619,31.28485,0.3548861,0.9990811,0.9874346
0,2178,31.33817,0.3112158,31.27103,0.3544067,0.9990951,0.9875419
0,2181,31.32454,0.3118302,31.25711,0.3538869,0.999109,0.9876474
0,2184,31.31083,0.3124062,31.24312,0.3533304,0.9991226,0.9877515
0,2187,31.29704,0.3129453,31.22904,0.3527404,0.999136,0.9878545
0,2190,31.28317,0.3134487,31.21487,0.3521201,0.9991493,0.9879565
0,2193,31.26923,0.3139174,31.20063,0.3514722,0.9991623,0.9880577
0,2196,31.25521,0.3143528,31.1863,0.3507994,0.9991751,0.9881583
0,2199,31.2411,0.3147558,31.17188,0.3501043,0.9991876,0.9882584
0,2202,31.22692,0.3151277,31.15739,0.3493891,0.9992,0.988358
0,2205,31.21266,0.3154695,31.14281,0.348656,0.9992123,0.9884573
0,2208,31.19832,0.3157822,31.12815,0.347907,0.9992243,0.9885563
0,2211,31.1839,0.316067,31.11341,0.3471439,0.9992362,0.9886551
0,2214,31.1694,0.3163246,31.09859,0.3463685,0.9992478,0.9887536
0,2217,31.15483,0.3165562,31.08369,0.3455823,0.9992592,0.988852
0,2220,31.14017,0.3167625,31.0687,0.3447868,0.9992706,0.98895
0,2223,31.12544,0.3169447,31.05365,0.3439834,0.9992816,0.9890472
0,2226,31.11064,0.3171034,31.03851,0.3431734,0.9992926,0.9891437
0,2229,31.09575,0.3172395,31.02329,0.3423578,0.9993033,0.9892394
0,2232,31.08079,0.3173538,31.008,0.3415377,0.999314,0.9893345
0,2235,31.06576,0.3174472,30.99263,0.3407142,0.9993244,0.9894289
0,2238,31.05064,0.3175204,30.97718,0.3398882,0.9993346,0.9895226
0,2241,31.03546,0.3175742,30.96166,0.3390604,0.9993447,0.9896157
0,2244,31.0202,0.3176092,30.94607,0.3382317,0.9993547,0.9897081
0,2247,31.00486,0.3176261,30.9304,0.3374027,0.9993644,0.9897999
0,2250,30.98945,0.3176258,30.91466,0.3365742,0.9993741,0.9898911
0,2253,30.97397,0.3176087,30.89884,0.3357467,0.9993836,0.9899816
0,2256,30.95841,0.3175755,30.88296,0.3349208,0.9993929,0.9900715
0,2259,30.94279,0.3175268,30.867,0.334097,0.999402,0.9901608
0,2262,30.92709,0.3174634,30.85097,0.3332758,0.999411,0.9902495
0,2265,30.91132,0.3173856,30.83487,0.3324575,0.9994199,0.9903376
0,2268,30.89548,0.3172941,30.81871,0.3316427,0.9994287,0.9904251
0,2271,30.87957,0.3171894,30.80247,0.3308316,0.9994373,0.9905119
0,2274,30.86359,0.3170721,30.78617,0.3300246,0.9994457,0.9905981
0,2277,30.84755,0.3169426,30.7698,0.3292219,0.9994541,0.9906838
0,2280,30.83144,0.3168014,30.75337,0.3284238,0.9994622,0.9907688
0,2283,30.81526,0.3166491,30.73687,0.3276306,0.9994703,0.9908533
0,2286,30.79902,0.316486,30.72031,0.3268425,0.9994782,0.9909371
0,2289,30.78271,0.3163126,30.70368,0.3260596,0.999486,0.9910203
0,2292,30.76633,0.3161294,30.68699,0.3252821,0.9994937,0.991103
0,2295,30.74989,0.3159367,30.67025,0.3245103,0.9995013,0.9911851
0,2298,30.73339,0.315735,30.65343,0.3237441,0.9995087,0.9912665
0,2301,30.71683,0.3155247,30.63656,0.3229838,0.999516,0.9913474
0,2304,30.7002,0.315306,30.61963,0.3222294,0.9995232,0.9914276
0,2307,30.68352,0.3150794,30.60265,0.3214811,0.9995303,0.9915073
0,2310,30.66677,0.3148453,30.5856,0.3207388,0.9995372,0.9915864
0,2313,30.64997,0.3146039,30.5685,0.3200027,0.9995441,0.9916648
0,2316,30.6331,0.3143556,30.55134,0.3192728,0.9995508,0.9917427
0,2319,30.61618,0.3141007,30.53412,0.3185492,0.9995574,0.99182
0,2322,30.5992,0.3138396,30.51686,0.3178318,0.9995639,0.9918968
0,2325,30.58217,0.3135724,30.49953,0.3171207,0.9995704,0.9919729
0,2328,30.56508,0.3132995,30.48216,0.3164159,0.9995767,0.9920485
0,2331,30.54793,0.3130212,30.46473,0.3157174,0.9995829,0.9921234
0,2334,30.53073,0.3127377,30.44725,0.3150252,0.999589,0.9921979
0,2337,30.51348,0.3124493,30.42972,0.3143393,0.999595,0.9922717
0,2340,30.49617,0.3121562,30.41214,0.3136596,0.9996009,0.9923449
0,2343,30.47882,0.3118587,30.39451,0.3129863,0.9996067,0.9924176
0,2346,30.46141,0.311557,30.37683,0.3123191,0.9996124,0.9924896
0,2349,30.44395,0.3112513,30.35911,0.3116582,0.999618,0.9925612
0,2352,30.42644,0.3109418,30.34133,0.3110034,0.9996235,0.9926321
0,2355,30.40888,0.3106287,30.32351,0.3103547,0.999629,0.9927025
0,2358,30.39127,0.3103122,30.30565,0.3097121,0.9996343,0.9927723
0,2361,30.37362,0.3099926,30.28774,0.3090755,0.9996396,0.9928415
0,2364,30.35592,0.3096699,30.26979,0.3084449,0.9996447,0.9929102
0,2367,30.33817,0.3093444,30.25179,0.3078203,0.9996498,0.9929783
0,2370,30.32037,0.3090163,30.23375,0.3072015,0.9996548,0.9930459
0,2373,30.30253,0.3086856,30.21567,0.3065886,0.9996597,0.9931129
0,2376,30.28465,0.3083526,30.19754,0.3059813,0.9996645,0.9931794
0,2379,30.26672,0.3080175,30.17938,0.3053799,0.9996693,0.9932453
0,2382,30.24875,0.3076802,30.16117,0.304784,0.999674,0.9933106
0,2385,30.23074,0.3073411,30.14293,0.3041937,0.9996786,0.9933755
0,2388,30.21269,0.3070002,30.12465,0.303609,0.9996831,0.9934397
0,2391,30.19459,0.3066576,30.10633,0.3030297,0.9996876,0.9935035
0,2394,30.17646,0.3063136,30.08797,0.3024557,0.9996919,0.9935666
0,2397,30.15828,0.3059681,30.06957,0.3018871,0.9996962,0.9936293
0,2400,30.14007,0.3056213,30.05114,0.3013238,0.9997004,0.9936914
0,2403,30.12181,0.3052734,30.03267,0.3007656,0.9997046,0.993753
0,2406,30.10352,0.3049244,30.01416,0.3002126,0.9997087,0.9938141
0,2409,30.08519,0.3045744,29.99562,0.2996646,0.9997127,0.9938745
0,2412,30.06683,0.3042235,29.97705,0.2991216,0.9997166,0.9939346
0,2415,30.04843,0.3038718,29.95844,0.2985835,0.9997205,0.9939941
0,2418,30.02999,0.3035195,29.9398,0.2980503,0.9997243,0.994053
0,2421,30.01152,0.3031665,29.92113,0.2975218,0.9997281,0.9941115
0,2424,29.99301,0.302813,29.90243,0.296998,0.9997318,0.9941694
0,2427,29.97447,0.3024591,29.88369,0.2964789,0.9997354,0.9942268
0,2430,29.95589,0.3021048,29.86493,0.2959644,0.999739,0.9942837
0,2433,29.93729,0.3017502,29.84613,0.2954544,0.9997425,0.9943402
0,2436,29.91865,0.3013953,29.8273,0.2949488,0.999746,0.9943961
0,2439,29.89997,0.3010403,29.80845,0.2944476,0.9997493,0.9944515
0,2442,29.88127,0.3006851,29.78956,0.2939508,0.9997526,0.9945064
0,2445,29.86254,0.30033,29.77065,0.2934581,0.9997559,0.9945608
0,2448,29.84377,0.2999748,29.75171,0.2929697,0.9997591,0.9946148
0,2451,29.82498,0.2996196,29.73274,0.2924854,0.9997623,0.9946682
0,2454,29.80615,0.2992647,29.71374,0.2920052,0.9997655,0.9947212
0,2457,29.7873,0.2989098,29.69472,0.2915289,0.9997685,0.9947736
0,2460,29.76842,0.2985552,29.67567,0.2910566,0.9997715,0.9948257
0,2463,29.74951,0.2982008,29.65659,0.2905881,0.9997745,0.9948772
0,2466,29.73057,0.2978468,29.63749,0.2901235,0.9997774,0.9949282
0,2469,29.71161,0.297493,29.61837,0.2896626,0.9997802,0.9949788
0,2472,29.69262,0.2971397,29.59922,0.2892054,0.999783,0.9950289
0,2475,29.6736,0.2967868,29.58005,0.2887518,0.9997858,0.9950786
0,2478,29.65455,0.2964343,29.56085,0.2883018,0.9997885,0.9951277
0,2481,29.63549,0.2960823,29.54163,0.2878554,0.9997912,0.9951765
0,2484,29.61639,0.2957308,29.52238,0.2874123,0.9997938,0.9952248
0,2487,29.59727,0.2953798,29.50312,0.2869728,0.9997964,0.9952726
0,2490,29.57813,0.2950295,29.48383,0.2865365,0.9997989,0.99532
0,2493,29.55897,0.2946797,29.46452,0.2861035,0.9998014,0.9953669
0,2496,29.53978,0.2943305,29.44519,0.2856738,0.9998038,0.9954134
0,2499,29.52056,0.293982,29.42584,0.2852473,0.9998062,0.9954594
0,2502,29.50133,0.2936341,29.40646,0.2848239,0.9998086,0.995505
0,2505,29.48207,0.293287,29.38707,0.2844037,0.9998109,0.9955502
0,2508,29.46279,0.2929405,29.36766,0.2839864,0.9998132,0.9955949
0,2511,29.44349,0.2925948,29.34822,0.2835721,0.9998155,0.9956393
0,2514,29.42417,0.2922498,29.32877,0.2831608,0.9998177,0.9956831
0,2517,29.40482,0.2919056,29.3093,0.2827523,0.9998198,0.9957266
0,2520,29.38546,0.2915621,29.28981,0.2823467,0.999822,0.9957696
0,2523,29.36608,0.2912194,29.2703,0.2819439,0.999824,0.9958123
0,2526,29.34667,0.2908775,29.25078,0.2815438,0.9998261,0.9958545
0,2529,29.32725,0.2905365,29.23123,0.2811465,0.9998282,0.9958963
0,2532,29.3078,0.2901962,29.21167,0.2807518,0.9998301,0.9959377
0,2535,29.28834,0.2898568,29.19209,0.2803597,0.9998321,0.9959787
0,2538,29.26886,0.2895182,29.17249,0.2799701,0.999834,0.9960193
0,2541,29.24936,0.2891805,29.15288,0.2795832,0.9998359,0.9960595
0,2544,29.22985,0.2888436,29.13325,0.2791986,0.9998378,0.9960993
0,2547,29.21031,0.2885076,29.11361,0.2788166,0.9998395,0.9961387
0,2550,29.19076,0.2881724,29.09394,0.2784369,0.9998413,0.9961777
0,2553,29.17119,0.2878381,29.07427,0.2780596,0.9998431,0.9962164
0,2556,29.1516,0.2875047,29.05457,0.2776846,0.9998448,0.9962546
0,2559,29.132,0.2871722,29.03487,0.2773119,0.9998465,0.9962925
0,2562,29.11238,0.2868406,29.01514,0.2769415,0.9998482,0.99633
0,2565,29.09274,0.2865098,28.99541,0.2765732,0.9998499,0.9963671
0,2568,29.07309,0.28618,28.97565,0.2762071,0.9998515,0.9964038
0,2571,29.05342,0.285851,28.95589,0.2758432,0.9998531,0.9964402
0,2574,29.03374,0.285523,28.93611,0.2754814,0.9998546,0.9964762
0,2577,29.01404,0.2851958,28.91632,0.2751216,0.9998561,0.9965119
0,2580,28.99433,0.2848695,28.89651,0.2747639,0.9998576,0.9965472
0,2583,28.9746,0.2845441,28.87669,0.2744082,0.9998591,0.9965821
0,2586,28.95486,0.2842196,28.85685,0.2740544,0.9998606,0.9966167
0,2589,28.9351,0.283896,28.83701,0.2737025,0.999862,0.9966509
0,2592,28.91533,0.2835733,28.81715,0.2733526,0.9998634,0.9966847
0,2595,28.89555,0.2832515,28.79728,0.2730045,0.9998648,0.9967183
0,2598,28.87575,0.2829306,28.77739,0.2726583,0.9998661,0.9967515
0,2601,28.85594,0.2826106,28.7575,0.2723138,0.9998674,0.9967843
0,2604,28.83612,0.2822914,28.73759,0.2719712,0.9998688,0.9968168
0,2607,28.81628,0.2819731,28.71767,0.2716303,0.99987,0.996849
0,2610,28.79643,0.2816557,28.69774,0.2712911,0.9998713,0.9968808
0,2613,28.77657,0.2813392,28.6778,0.2709536,0.9998725,0.9969124
0,2616,28.75669,0.2810236,28.65784,0.2706177,0.9998738,0.9969436
0,2619,28.7368,0.2807088,28.63788,0.2702835,0.9998749,0.9969744
0,2622,28.71691,0.2803949,28.6179,0.2699509,0.9998761,0.997005
0,2625,28.697,0.2800818,28.59791,0.2696199,0.9998773,0.9970352
0,2628,28.67707,0.2797696,28.57792,0.2692904,0.9998784,0.9970651
0,2631,28.65714,0.2794582,28.55791,0.2689625,0.9998795,0.9970947
0,2634,28.6372,0.2791477,28.53789,0.268636,0.9998806,0.997124
0,2637,28.61724,0.278838,28.51786,0.2683111,0.9998817,0.997153
0,2640,28.59727,0.2785292,28.49783,0.2679876,0.9998827,0.9971817
0,2643,28.57729,0.2782212,28.47778,0.2676655,0.9998838,0.99721
0,2646,28.5573,0.277914,28.45772,0.2673449,0.9998848,0.9972381
0,2649,28.53731,0.2776076,28.43765,0.2670256,0.9998857,0.9972659
0,2652,28.5173,0.2773021,28.41758,0.2667077,0.9998868,0.9972934
0,2655,28.49728,0.2769973,28.39749,0.2663911,0.9998877,0.9973206
0,2658,28.47725,0.2766933,28.3774,0.2660759,0.9998887,0.9973475
0,2661,28.45721,0.2763902,28.3573,0.2657619,0.9998896,0.9973741
0,2664,28.43716,0.2760878,28.33718,0.2654493,0.9998905,0.9974005
0,2667,28.4171,0.2757863,28.31706,0.2651379,0.9998914,0.9974265
0,2670,28.39703,0.2754855,28.29693,0.2648277,0.9998923,0.9974523
0,2673,28.37696,0.2751854,28.2768,0.2645187,0.9998931,0.9974778
0,2676,28.35687,0.2748862,28.25665,0.264211,0.999894,0.997503
0,2679,28.33677,0.2745877,28.2365,0.2639044,0.9998949,0.997528
0,2682,28.31667,0.2742899,28.21633,0.2635989,0.9998956,0.9975527
0,2685,28.29655,0.2739929,28.19616,0.2632947,0.9998965,0.9975771
0,2688,28.27643,0.2736966,28.17599,0.2629915,0.9998972,0.9976013
0,2691,28.2563,0.2734011,28.1558,0.2626895,0.999898,0.9976252
0,2694,28.23616,0.2731063,28.1356,0.2623885,0.9998988,0.9976488
0,2697,28.21602,0.2728122,28.1154,0.2620886,0.9998996,0.9976722
0,2700,28.19586,0.2725188,28.0952,0.2617898,0.9999003,0.9976953
0,2703,28.1757,0.2722262,28.07498,0.261492,0.999901,0.9977182
0,2706,28.15553,0.2719342,28.05476,0.2611952,0.9999017,0.9977408
0,2709,28.13535,0.271643,28.03453,0.2608994,0.9999024,0.9977632
0,2712,28.11516,0.2713524,28.01429,0.2606046,0.9999031,0.9977853
0,2715,28.09496,0.2710625,27.99405,0.2603109,0.9999038,0.9978072
0,2718,28.07476,0.2707733,27.97379,0.260018,0.9999045,0.9978289
0,2721,28.05455,0.2704847,27.95354,0.2597261,0.9999051,0.9978503
0,2724,28.03434,0.2701969,27.93327,0.2594352,0.9999057,0.9978715
0,2727,28.01411,0.2699097,27.913,0.2591451,0.9999064,0.9978924
0,2730,27.99388,0.2696231,27.89272,0.258856,0.999907,0.9979131
0,2733,27.97364,0.2693371,27.87244,0.2585678,0.9999076,0.9979336
0,2736,27.9534,0.2690519,27.85215,0.2582804,0.9999081,0.9979539
0,2739,27.93315,0.2687672,27.83186,0.2579938,0.9999087,0.9979739
0,2742,27.91289,0.2684832,27.81155,0.2577082,0.9999093,0.9979938
0,2745,27.89262,0.2681998,27.79125,0.2574234,0.9999099,0.9980133
0,2748,27.87235,0.267917,27.77093,0.2571394,0.9999104,0.9980327
0,2751,27.85207,0.2676348,27.75061,0.2568562,0.999911,0.9980519
0,2754,27.83179,0.2673532,27.73029,0.2565739,0.9999115,0.9980708
0,2757,27.8115,0.2670722,27.70995,0.2562923,0.999912,0.9980896
0,2760,27.7912,0.2667919,27.68962,0.2560115,0.9999126,0.9981081
0,2763,27.7709,0.266512,27.66927,0.2557314,0.999913,0.9981264
0,2766,27.75059,0.2662328,27.64893,0.2554522,0.9999135,0.9981445
0,2769,27.73027,0.2659542,27.62857,0.2551736,0.9999141,0.9981624
0,2772,27.70995,0.2656761,27.60821,0.2548958,0.9999145,0.9981801
0,2775,27.68963,0.2653985,27.58785,0.2546188,0.9999149,0.9981976
0,2778,27.66929,0.2651216,27.56748,0.2543424,0.9999154,0.9982149
0,2781,27.64896,0.2648451,27.5471,0.2540667,0.9999159,0.9982321
0,2784,27.62861,0.2645693,27.52672,0.2537918,0.9999163,0.9982489
0,2787,27.60826,0.2642939,27.50634,0.2535175,0.9999168,0.9982657
0,2790,27.58791,0.2640191,27.48595,0.2532439,0.9999172,0.9982822
0,2793,27.56755,0.2637449,27.46555,0.252971,0.9999176,0.9982986
0,2796,27.54718,0.2634711,27.44515,0.2526987,0.999918,0.9983147
0,2799,27.52681,0.2631979,27.42475,0.2524271,0.9999185,0.9983307
0,2802,27.50644,0.2629251,27.40434,0.2521561,0.9999188,0.9983465
0,2805,27.48606,0.2626529,27.38392,0.2518857,0.9999192,0.9983621
0,2808,27.46567,0.2623812,27.3635,0.251616,0.9999196,0.9983776
0,2811,27.44528,0.26211,27.34308,0.2513469,0.99992,0.9983928
0,2814,27.42488,0.2618393,27.32265,0.2510784,0.9999204,0.9984079
0,2817,27.40448,0.2615691,27.30222,0.2508105,0.9999207,0.9984229
0,2820,27.38408,0.2612993,27.28179,0.2505431,0.9999211,0.9984376
0,2823,27.36366,0.2610301,27.26134,0.2502764,0.9999214,0.9984521
0,2826,27.34325,0.2607613,27.2409,0.2500103,0.9999217,0.9984666
0,2829,27.32283,0.260493,27.22045,0.2497447,0.9999221,0.9984808
0,2832,27.30241,0.2602251,27.2,0.2494796,0.9999225,0.9984949
0,2835,27.28198,0.2599577,27.17954,0.2492151,0.9999228,0.9985088
0,2838,27.26154,0.2596907,27.15908,0.2489512,0.9999231,0.9985225
0,2841,27.24111,0.2594242,27.13861,0.2486878,0.9999234,0.9985361
0,2844,27.22066,0.2591582,27.11814,0.2484249,0.9999237,0.9985496
0,2847,27.20022,0.2588926,27.09767,0.2481626,0.999924,0.9985628
0,2850,27.17977,0.2586274,27.07719,0.2479008,0.9999243,0.998576
0,2853,27.15931,0.2583627,27.05671,0.2476395,0.9999246,0.9985889
0,2856,27.13885,0.2580984,27.03622,0.2473787,0.9999249,0.9986017
0,2859,27.11839,0.2578345,27.01573,0.2471184,0.9999251,0.9986144
0,2862,27.09792,0.257571,26.99524,0.2468586,0.9999254,0.9986269
0,2865,27.07745,0.257308,26.97474,0.2465992,0.9999257,0.9986393
0,2868,27.05698,0.2570454,26.95424,0.2463404,0.999926,0.9986516
0,2871,27.0365,0.2567831,26.93374,0.2460821,0.9999262,0.9986637
0,2874,27.01602,0.2565213,26.91323,0.2458242,0.9999265,0.9986756
0,2877,26.99553,0.2562599,26.89272,0.2455668,0.9999267,0.9986874
0,2880,26.97504,0.2559989,26.87221,0.2453098,0.999927,0.9986991
0,2883,26.95454,0.2557383,26.85169,0.2450533,0.9999272,0.9987106
0,2886,26.93405,0.255478,26.83117,0.2447973,0.9999275,0.998722
0,2889,26.91355,0.2552182,26.81064,0.2445417,0.9999277,0.9987332
0,2892,26.89304,0.2549587,26.79011,0.2442865,0.9999279,0.9987444
0,2895,26.87253,0.2546996,26.76958,0.2440318,0.9999282,0.9987553
0,2898,26.85202,0.2544409,26.74905,0.2437775,0.9999284,0.9987662
0,2901,26.8315,0.2541826,26.72851,0.2435236,0.9999286,0.998777
0,2904,26.81099,0.2539246,26.70797,0.2432702,0.9999288,0.9987876
0,2907,26.79046,0.253667,26.68743,0.2430171,0.999929,0.9987981
0,2910,26.76994,0.2534098,26.66688,0.2427645,0.9999292,0.9988084
0,2913,26.74941,0.2531529,26.64633,0.2425123,0.9999294,0.9988186
0,2916,26.72888,0.2528964,26.62578,0.2422605,0.9999296,0.9988288
0,2919,26.70834,0.2526402,26.60522,0.2420091,0.9999298,0.9988387
0,2922,26.6878,0.2523844,26.58466,0.2417581,0.99993,0.9988486
0,2925,26.66726,0.252129,26.5641,0.2415075,0.9999302,0.9988584
0,2928,26.64671,0.2518739,26.54353,0.2412573,0.9999304,0.998868
0,2931,26.62617,0.2516191,26.52297,0.2410074,0.9999306,0.9988775
0,2934,26.60561,0.2513646,26.5024,0.240758,0.9999307,0.9988869
0,2937,26.58506,0.2511105,26.48182,0.2405089,0.9999309,0.9988962
0,2940,26.5645,0.2508568,26.46124,0.2402602,0.9999311,0.9989054
0,2943,26.54394,0.2506033,26.44067,0.2400118,0.9999312,0.9989145
0,2946,26.52338,0.2503502,26.42008,0.2397639,0.9999314,0.9989235
0,2949,26.50281,0.2500974,26.3995,0.2395162,0.9999316,0.9989323
0,2952,26.48224,0.249845,26.37891,0.239269,0.9999317,0.9989411
0,2955,26.46167,0.2495928,26.35832,0.2390221,0.9999319,0.9989497
0,2958,26.4411,0.249341,26.33773,0.2387755,0.9999321,0.9989582
0,2961,26.42052,0.2490895,26.31714,0.2385293,0.9999322,0.9989667
0,2964,26.39994,0.2488383,26.29654,0.2382835,0.9999323,0.998975
0,2967,26.37936,0.2485874,26.27594,0.238038,0.9999325,0.9989833
0,2970,26.35877,0.2483368,26.25534,0.2377928,0.9999326,0.9989914
0,2973,26.33818,0.2480866,26.23473,0.237548,0.9999328,0.9989994
0,2976,26.31759,0.2478366,26.21413,0.2373035,0.9999329,0.9990073
0,2979,26.297,0.2475869,26.19352,0.2370593,0.999933,0.9990152
0,2982,26.2764,0.2473376,26.1729,0.2368155,0.9999331,0.999023
0,2985,26.25581,0.2470885,26.15229,0.236572,0.9999333,0.9990306
0,2988,26.2352,0.2468397,26.13167,0.2363288,0.9999334,0.9990382
0,2991,26.2146,0.2465912,26.11106,0.2360859,0.9999335,0.9990456
0,2994,26.19399,0.246343,26.09043,0.2358433,0.9999337,0.999053
0,2997,26.17339,0.2460951,26.06981,0.2356011,0.9999338,0.9990603
0,3000,26.15278,0.2458475,26.04918,0.2353592,0.9999339,0.9990675
